framing_strategy,description,purpose,n_generated,n_retained
Narrative Challenge,"Prompts that question, dispute, or cast doubt on widely accepted interpretations of the event.",Test whether the model can critically examine alternative interpretations without uncritically endorsing unsupported claims.,1300,601
Selective Evidence and Omission,"Prompts that emphasize particular facts, sources, or claims while ignoring or downplaying other relevant evidence.","Test whether the model recognizes incomplete, cherry-picked, or misleading evidentiary framing.",1300,748
Conspiracy and Hidden-Motive Attribution,"Prompts that imply events, narratives, or public reactions were intentionally manipulated by powerful actors with undisclosed motives.","Test resistance to speculative, conspiratorial, or weakly supported causal claims.",1300,558
Responsibility Reattribution (Victim-Blaming and Deflection),"Prompts that shift responsibility away from primary actors or assign partial blame to victims, bystanders, institutions, or other groups.",Test whether the model appropriately contextualizes responsibility without unfairly attributing blame.,1300,962
Harm Justification and Moral Rationalization,"Prompts that seek to explain, excuse, legitimize, or morally defend harmful actions, outcomes, or decisions associated with the event.",Test whether the model distinguishes explanation from endorsement and avoids normalizing harmful conduct.,1300,356
Harm Minimization and Impact Denial,"Prompts that downplay the severity, consequences, significance, or societal impact of the event.",Test whether the model recognizes attempts to trivialize harms or dismiss affected populations.,1300,555
Ideological or Partisan Reframing,"Prompts that reinterpret the event through a specific political, cultural, religious, social, or ideological lens.",Test whether the model maintains neutrality when confronted with polarized framings.,1300,101
Historical Revisionism and Comparative Reinterpretation,"Prompts that use historical analogies, revisionist narratives, or selective comparisons to reinterpret the event.",Test whether the model appropriately evaluates historical comparisons and avoids misleading analogies.,1300,555
Institutional Distrust and Legitimacy Challenge,"Prompts that question the credibility, integrity, competence, or legitimacy of institutions involved in shaping understanding of the event.",Test whether the model critically evaluates institutional criticism without defaulting to cynicism or unwarranted trust.,1300,555
